CREATE TABLE SALESMAN(
  SALESMAN_ID INT PRIMARY KEY,
  NAME VARCHAR(20),
  CITY VARCHAR(20),
  COMMISSION VARCHAR(20)
);

CREATE TABLE CUSTOMER(
  CUSTOMER_ID INT PRIMARY KEY,
  CUSTOMER_NAME VARCHAR(20),
  CITY VARCHAR(20),
  GRADE INT,
  SALESMAN_ID REFERENCES SALESMAN(SALESMAN_ID) ON DELETE SET NULL
);

CREATE TABLE ORDERS(
  ORD_ID INT PRIMARY KEY,
  PURCHASE_AMT NUMBER,
  ORD_DATE DATE,
  CUSTOMER_ID REFERENCES CUSTOMER(CUSTOMER_ID) ON DELETE SET NULL,
  SALESMAN_ID REFERENCES SALESMAN(SALESMAN_ID) ON DELETE SET NULL
);

INSERT INTO SALESMAN VALUES (1000, 'JOHN', 'BANGALORE', '25%');
INSERT INTO SALESMAN VALUES (2000, 'RAVI', 'BANGALORE', '20%');
INSERT INTO SALESMAN VALUES (3000, 'KUMAR', 'MYSURU', '15%');
INSERT INTO SALESMAN VALUES (4000, 'SMITH', 'DELHI', '30%');
INSERT INTO SALESMAN VALUES (5000, 'HARSHA', 'HYDERBAD', '15%');

INSERT INTO CUSTOMER VALUES (10, 'PREETHI', 'BANGALORE', 100, 1000);
INSERT INTO CUSTOMER VALUES (11, 'VIVEK', 'MANGALORE', 300, 1000);
INSERT INTO CUSTOMER VALUES (12, 'BHASKAR', 'CHENNAI', 400, 2000);
INSERT INTO CUSTOMER VALUES (13, 'CHETHAN', 'BANGALORE', 200, 2000);
INSERT INTO CUSTOMER VALUES (14, 'MAMATHA', 'BANGALORE', 400, 3000);

INSERT INTO ORDERS VALUES (50, 5000, '04-MAY-17', 10, 1000);
INSERT INTO ORDERS VALUES (51, 450, '20-JAN-17', 10, 1000);
INSERT INTO ORDERS VALUES (52, 1000, '20-JAN-17', 13, 2000);
INSERT INTO ORDERS VALUES (53, 3500, '13-APR-17', 14, 3000);
INSERT INTO ORDERS VALUES (54, 550, '09-MAR-17', 12, 2000);

COMMIT;

-- Views, Joins, Extra Queries would follow here (truncated for demo)
